{"precision": 39, "cumulative reward": 3.0, "epsilone": 0.9415197999983184, "critic loss": [5.870809555053711, 1.3655848503112793, 4.922521114349365, 4.369096279144287, 4.551034927368164, 5.558784484863281, 7.478466987609863, 2.6155123710632324, 2.520611047744751, 4.228105545043945, 3.9986417293548584, 3.9656481742858887, 3.455921173095703, 4.899978160858154, 5.682435035705566, 4.493808269500732, 3.7157254219055176, 5.7851409912109375, 2.4116151332855225, 3.897005319595337, 4.329654693603516, 4.85141134262085, 3.190225601196289, 4.445374965667725, 3.3830020427703857, 2.205634355545044, 7.000437259674072, 4.846695899963379, 3.325864791870117, 5.487008094787598, 4.845553874969482, 2.80469012260437], "mean_action": -0.0003263296901363214, "_runtime": 534, "_timestamp": 1648889367, "_step": 1}