{"precision": 10, "total_reward": -11.5, "epsilone": 0.9999153999999976, "q_loss": 0.0, "mean_action": 0.001652882099151614, "_runtime": 7, "_timestamp": 1647279556, "_step": 0}