{"precision": 28, "cumulative reward": -11.0, "epsilone": 26, "critic loss": 1.6100015925689481, "actor loss": -0.3799768947362461, "_runtime": 118, "_timestamp": 1649194861, "_step": 26}