{"precision": 8, "cumulative reward": -15.5, "epsilone": 14, "critic loss": 0.3621739016638862, "actor loss": 0.062364886890977474, "_runtime": 69, "_timestamp": 1649195071, "_step": 14}