{"precision": 12, "cumulative reward": -29.5, "epsilone": 13, "critic loss": 0.1457180809188675, "actor loss": -0.004006491657164562, "_runtime": 70, "_timestamp": 1649195161, "_step": 13}