{"precision": 5, "cumulative reward": -17.0, "epsilone": 17, "critic loss": 0.3462266188401442, "actor loss": 0.05855472831211584, "_runtime": 73, "_timestamp": 1649195281, "_step": 17}