{"precision": 0, "total_reward": -0.9399999999999998, "epsilons": 41, "_runtime": 12, "_timestamp": 1645860738, "_step": 44, "critic_loss": 2.575004816055298}