{"precision": 7, "cumulative reward": -16.5, "epsilone": 617, "Actor Loss": 0.07644859746400649, "Critic Loss": 0.36078758239746095, "_runtime": 1790, "_timestamp": 1649197265, "_step": 617}