{"precision": 31, "total_reward": -3.0, "epsilone": 0.6836013999909017, "q_loss": 6.658542406512424e-05, "mean_action": 0.09268453359603884, "_runtime": 38890, "_timestamp": 1647279411, "_step": 3977}