{"precision": 12, "total_reward": -17.0, "epsilone": 0.7404291999925359, "q_loss": 0.0001529396540718153, "mean_action": 0.23875665977367996, "_runtime": 31256, "_timestamp": 1647240110, "_step": 3134}